theories-flocq/ArcLineIntersect_b64_exact.v	arc_line_intersect_inputs_int_safe_SMP	A
theories-flocq/ArcLineIntersect_b64_exact.v	arc_line_intersect_inputs_int_safe_SMQ	A
theories-flocq/ArcLineIntersect_b64_exact.v	arc_line_ratio_abs_le_52	A
theories-flocq/ArcLineIntersect_b64_exact.v	b64_arc_line_den_exact	C1
theories-flocq/ArcLineIntersect_b64_exact.v	b64_arc_line_den_nonzero	C1
theories-flocq/ArcLineIntersect_b64_exact.v	b64_arc_line_dx_R	C1
theories-flocq/ArcLineIntersect_b64_exact.v	b64_arc_line_dx_abs_le_bpow_12	C1
theories-flocq/ArcLineIntersect_b64_exact.v	b64_arc_line_dy_R	C1
theories-flocq/ArcLineIntersect_b64_exact.v	b64_arc_line_dy_abs_le_bpow_12	C1
theories-flocq/ArcLineIntersect_b64_exact.v	b64_arc_line_intersect_point_x_round_chain	C1
theories-flocq/ArcLineIntersect_b64_exact.v	b64_arc_line_intersect_point_y_round_chain	C1
theories-flocq/ArcLineIntersect_b64_exact.v	b64_arc_line_mult_x_abs_le_bpow_64	C1
theories-flocq/ArcLineIntersect_b64_exact.v	b64_arc_line_mult_x_carry_error	C1
theories-flocq/ArcLineIntersect_b64_exact.v	b64_arc_line_mult_x_forward_error	C1
theories-flocq/ArcLineIntersect_b64_exact.v	b64_arc_line_mult_x_round_error	C1
theories-flocq/ArcLineIntersect_b64_exact.v	b64_arc_line_mult_x_safe	C1
theories-flocq/ArcLineIntersect_b64_exact.v	b64_arc_line_mult_y_abs_le_bpow_64	C1
theories-flocq/ArcLineIntersect_b64_exact.v	b64_arc_line_mult_y_carry_error	C1
theories-flocq/ArcLineIntersect_b64_exact.v	b64_arc_line_mult_y_forward_error	C1
theories-flocq/ArcLineIntersect_b64_exact.v	b64_arc_line_mult_y_round_error	C1
theories-flocq/ArcLineIntersect_b64_exact.v	b64_arc_line_mult_y_safe	C1
theories-flocq/ArcLineIntersect_b64_exact.v	b64_arc_line_plus_x_round_error	C1
theories-flocq/ArcLineIntersect_b64_exact.v	b64_arc_line_plus_x_safe	C1
theories-flocq/ArcLineIntersect_b64_exact.v	b64_arc_line_plus_y_round_error	C1
theories-flocq/ArcLineIntersect_b64_exact.v	b64_arc_line_plus_y_safe	C1
theories-flocq/ArcLineIntersect_b64_exact.v	b64_arc_line_point_x_abs_le_bpow_65	C1
theories-flocq/ArcLineIntersect_b64_exact.v	b64_arc_line_point_x_forward_error	C1
theories-flocq/ArcLineIntersect_b64_exact.v	b64_arc_line_point_x_forward_error_ulp	C1
theories-flocq/ArcLineIntersect_b64_exact.v	b64_arc_line_point_x_round	C1
theories-flocq/ArcLineIntersect_b64_exact.v	b64_arc_line_point_y_abs_le_bpow_65	C1
theories-flocq/ArcLineIntersect_b64_exact.v	b64_arc_line_point_y_forward_error	C1
theories-flocq/ArcLineIntersect_b64_exact.v	b64_arc_line_point_y_forward_error_ulp	C1
theories-flocq/ArcLineIntersect_b64_exact.v	b64_arc_line_point_y_round	C1
theories-flocq/ArcLineIntersect_b64_exact.v	b64_arc_line_sP_R	C1
theories-flocq/ArcLineIntersect_b64_exact.v	b64_arc_line_sQ_R	C1
theories-flocq/ArcLineIntersect_b64_exact.v	b64_arc_line_t_abs_le_bpow_52	C1
theories-flocq/ArcLineIntersect_b64_exact.v	b64_arc_line_t_forward_error	C1
theories-flocq/ArcLineIntersect_b64_exact.v	b64_arc_line_t_round	C1
theories-flocq/ArcLineIntersect_b64_exact.v	b64_arc_line_xP_abs_le_bpow_11	A
theories-flocq/ArcLineIntersect_b64_exact.v	b64_arc_line_yP_abs_le_bpow_11	A
theories-flocq/ArcLineIntersect_b64_exact.v	b64_ulp_le_at_magnitude_uniform	C1
theories-flocq/ArcLineIntersect_b64_exact.v	bpow_double	A
theories-flocq/ArcLineIntersect_b64_exact.v	inCircle_R_BP_abs_le_52	A
theories-flocq/ArcLineIntersect_b64_exact.v	perron_arc_line_inputs_int_safe	C1
theories-flocq/ArcLineIntersect_b64_exact.v	perron_arc_line_sP_exact	C1
theories-flocq/B64_Expansion_Shewchuk.v	expansion_R_compress	A
theories-flocq/B64_Expansion_Shewchuk.v	sign_of_expansion_compress	A
theories-flocq/B64_Expansion_Shewchuk.v	sign_of_expansion_correct_shewchuk	C1
theories-flocq/B64_FastExpansionSum.v	b64_TwoSum_fst	C1
theories-flocq/B64_FastExpansionSum.v	b64_TwoSum_pathA_exact_step	C1
theories-flocq/B64_FastExpansionSum.v	b64_bpow_minus_53_eq_4	A
theories-flocq/B64_FastExpansionSum.v	b64_bpow_minus_54_eq_2	A
theories-flocq/B64_FastExpansionSum.v	b64_grow_expansion_aux_correct	C1
theories-flocq/B64_FastExpansionSum.v	b64_grow_expansion_aux_pathA_matches	C1
theories-flocq/B64_FastExpansionSum.v	b64_grow_expansion_correct	C1
theories-flocq/B64_FastExpansionSum.v	b64_grow_expansion_nonoverlap_pathA	C1
theories-flocq/B64_FastExpansionSum.v	b64_plus_under_pathA_dominance	C1
theories-flocq/B64_FastExpansionSum.v	cascade_pathA_dominates_aux_B2R_compat	C1
theories-flocq/B64_FastExpansionSum.v	cascade_pathA_dominates_implies_nonoverlap	C1
theories-flocq/B64_FastExpansionSum.v	counterex_below_midpoint	A
theories-flocq/B64_FastExpansionSum.v	counterex_gap_magnitude	A
theories-flocq/B64_FastExpansionSum.v	counterex_loose_precondition_holds	A
theories-flocq/B64_FastExpansionSum.v	expansion_R_app	A
theories-flocq/B64_FastExpansionSum.v	expansion_R_rev	A
theories-flocq/B64_FastExpansionSum.v	nonoverlap_strict_B2R_compat	C1
theories-flocq/B64_FastExpansionSum.v	nonoverlap_strict_snoc	C1
theories-flocq/B64_FastExpansionSum.v	round_eq_pathA_negative	C1
theories-flocq/B64_FastExpansionSum.v	round_eq_pathA_positive	C1
theories-flocq/B64_FastExpansionSum.v	round_eq_pathA_zero	C1
theories-flocq/B64_FastExpansionSum.v	strict_succ_pathA_R_implies_strict_succ_b64	C1
theories-flocq/B64_FastExpansionSum_Shewchuk.v	b64_TwoSum_step_dominates_neg	C1
theories-flocq/B64_FastExpansionSum_Shewchuk.v	b64_TwoSum_step_dominates_pos	C1
theories-flocq/B64_FastExpansionSum_Shewchuk.v	b64_TwoSum_step_dominates_q_zero	C1
theories-flocq/B64_FastExpansionSum_Shewchuk.v	b64_TwoSum_step_dominates_same_sign	C1
theories-flocq/B64_FastExpansionSum_Shewchuk.v	b64_TwoSum_step_dominates_strict_neg	C1
theories-flocq/B64_FastExpansionSum_Shewchuk.v	b64_TwoSum_step_dominates_strict_pos	C1
theories-flocq/B64_FastExpansionSum_Shewchuk.v	b64_plus_geq_pos	C1
theories-flocq/B64_FastExpansionSum_Shewchuk.v	b64_plus_leq_neg	C1
theories-flocq/B64_FastExpansionSum_Shewchuk.v	expansion_R_insert_by_abs	A
theories-flocq/B64_FastExpansionSum_Shewchuk.v	expansion_R_sort_by_abs	A
theories-flocq/B64_FastExpansionSum_Shewchuk.v	fast_expansion_sum	DEF
theories-flocq/B64_FastExpansionSum_Shewchuk.v	fast_expansion_sum_correct	C1
theories-flocq/B64_FastExpansionSum_Shewchuk.v	insert_by_abs_sorted	A
theories-flocq/B64_FastExpansionSum_Shewchuk.v	sort_by_abs_sorted	A
theories-flocq/B64_FastExpansionSum_Shewchuk.v	sorted_asc_cons_head	A
theories-flocq/B64_FastExpansionSum_Shewchuk.v	sorted_asc_tail	A
theories-flocq/B64_FastExpansionSum_Shewchuk_Route2.v	B2R_b64_zero	A
theories-flocq/B64_FastExpansionSum_Shewchuk_Route2.v	Forall_int_safe_to_witnesses	A
theories-flocq/B64_FastExpansionSum_Shewchuk_Route2.v	b64_TwoSum_pathA_exact_step_negative	C1
theories-flocq/B64_FastExpansionSum_Shewchuk_Route2.v	b64_TwoSum_snd_B2R_zero_under_int_exact	C1
theories-flocq/B64_FastExpansionSum_Shewchuk_Route2.v	b64_grow_expansion_aux_int_zero_hs	C1
theories-flocq/B64_FastExpansionSum_Shewchuk_Route2.v	b64_plus_abs_bound	C1
theories-flocq/B64_FastExpansionSum_Shewchuk_Route2.v	b64_plus_abs_bound_with_normal	C1
theories-flocq/B64_FastExpansionSum_Shewchuk_Route2.v	cascade_h_chain_pathA_neg	C1
theories-flocq/B64_FastExpansionSum_Shewchuk_Route2.v	cascade_h_chain_pathA_pos	C1
theories-flocq/B64_FastExpansionSum_Shewchuk_Route2.v	cascade_h_chain_statement	DEF
theories-flocq/B64_FastExpansionSum_Shewchuk_Route2.v	cascade_h_chain_step	C1
theories-flocq/B64_FastExpansionSum_Shewchuk_Route2.v	cascade_invariant_empty	C1
theories-flocq/B64_FastExpansionSum_Shewchuk_Route2.v	cascade_run_cs_carry	C1
theories-flocq/B64_FastExpansionSum_Shewchuk_Route2.v	cascade_run_cs_output	C1
theories-flocq/B64_FastExpansionSum_Shewchuk_Route2.v	cascade_run_output_nonoverlap	C1
theories-flocq/B64_FastExpansionSum_Shewchuk_Route2.v	cascade_run_preserves_invariant_under_pathA	C1
theories-flocq/B64_FastExpansionSum_Shewchuk_Route2.v	cascade_step_clause_a_pathA	C1
theories-flocq/B64_FastExpansionSum_Shewchuk_Route2.v	cascade_step_clause_a_pathA_neg	C1
theories-flocq/B64_FastExpansionSum_Shewchuk_Route2.v	cascade_step_clause_a_pathA_pos	C1
theories-flocq/B64_FastExpansionSum_Shewchuk_Route2.v	cascade_step_preserves_invariant_pathA	C1
theories-flocq/B64_FastExpansionSum_Shewchuk_Route2.v	compress_all_zero_nil	A
theories-flocq/B64_FastExpansionSum_Shewchuk_Route2.v	compress_map_B2R_eq	A
theories-flocq/B64_FastExpansionSum_Shewchuk_Route2.v	cs_carry_cascade_step_state	C1
theories-flocq/B64_FastExpansionSum_Shewchuk_Route2.v	cs_output_cascade_step_state	C1
theories-flocq/B64_FastExpansionSum_Shewchuk_Route2.v	eps_b64_eq_bpow	A
theories-flocq/B64_FastExpansionSum_Shewchuk_Route2.v	eps_b64_le_quarter	A
theories-flocq/B64_FastExpansionSum_Shewchuk_Route2.v	eps_b64_pos	A
theories-flocq/B64_FastExpansionSum_Shewchuk_Route2.v	fast_expansion_sum_nonoverlap_shewchuk_general_conditional	C1
theories-flocq/B64_FastExpansionSum_Shewchuk_Route2.v	fast_expansion_sum_nonoverlap_shewchuk_int_safe_singletons	C1
theories-flocq/B64_FastExpansionSum_Shewchuk_Route2.v	fast_expansion_sum_nonoverlap_shewchuk_int_safe_two_pairs	C1
theories-flocq/B64_FastExpansionSum_Shewchuk_Route2.v	fast_expansion_sum_nonoverlap_shewchuk_two_singletons	C1
theories-flocq/B64_FastExpansionSum_Shewchuk_Route2.v	fast_expansion_sum_via_cascade_run	C1
theories-flocq/B64_FastExpansionSum_Shewchuk_Route2.v	insert_by_abs_never_nil	A
theories-flocq/B64_FastExpansionSum_Shewchuk_Route2.v	insert_by_abs_preserves_Forall	A
theories-flocq/B64_FastExpansionSum_Shewchuk_Route2.v	length_insert_by_abs_tagged	A
theories-flocq/B64_FastExpansionSum_Shewchuk_Route2.v	length_sort_by_abs_tagged	A
theories-flocq/B64_FastExpansionSum_Shewchuk_Route2.v	length_tagged_input	A
theories-flocq/B64_FastExpansionSum_Shewchuk_Route2.v	length_tagged_merge	A
theories-flocq/B64_FastExpansionSum_Shewchuk_Route2.v	list_abs_b2r_sum_insert_by_abs	A
theories-flocq/B64_FastExpansionSum_Shewchuk_Route2.v	list_abs_b2r_sum_int_witnesses	A
theories-flocq/B64_FastExpansionSum_Shewchuk_Route2.v	list_abs_b2r_sum_sort_by_abs	A
theories-flocq/B64_FastExpansionSum_Shewchuk_Route2.v	nonoverlap_shewchuk_B2R_compat	C1
theories-flocq/B64_FastExpansionSum_Shewchuk_Route2.v	nonoverlap_shewchuk_first_then_zeros	C1
theories-flocq/B64_FastExpansionSum_Shewchuk_Route2.v	nonoverlap_shewchuk_pair	C1
theories-flocq/B64_FastExpansionSum_Shewchuk_Route2.v	run_bound_absorb_e	C1
theories-flocq/B64_FastExpansionSum_Shewchuk_Route2.v	run_bound_absorb_f	C1
theories-flocq/B64_FastExpansionSum_Shewchuk_Route2.v	run_bound_step_preserves	C1
theories-flocq/B64_FastExpansionSum_Shewchuk_Route2.v	sort_by_abs_preserves_Forall	A
theories-flocq/B64_FastExpansionSum_Shewchuk_Route2.v	sum_abs_int_witnesses_nonneg	A
theories-flocq/B64_FastExpansionSum_Shewchuk_Route2.v	tagged_input	A
theories-flocq/B64_FastExpansionSum_Shewchuk_Route2.v	test_invariant_implies_h_prev_bound	C1
theories-flocq/B64_FastExpansionSum_Shewchuk_Route2.v	ulp_FLT_le_eps_b64	C1
theories-flocq/B64_FastExpansionSum_Shewchuk_Route2.v	untag_cons_pair	A
theories-flocq/B64_FastExpansionSum_Shewchuk_Route2.v	untag_insert_by_abs_tagged	A
theories-flocq/B64_FastExpansionSum_Shewchuk_Route2.v	untag_sort_by_abs_tagged	A
theories-flocq/B64_FastExpansionSum_Shewchuk_Route2.v	untag_tag_list	A
theories-flocq/B64_FastExpansionSum_Shewchuk_Route2.v	untag_tagged_input	A
theories-flocq/B64_FastExpansionSum_Shewchuk_Route2.v	untag_tagged_merge	A
theories-flocq/B64_Pff_bridge.v	Z_even_opp	A
theories-flocq/B64_Pff_bridge.v	b64_DekkerPair_sum_correct	C1
theories-flocq/B64_Pff_bridge.v	b64_Dekker_correct	C1
theories-flocq/B64_Pff_bridge.v	b64_Dekker_nonoverlap	C1
theories-flocq/B64_Pff_bridge.v	b64_Dekker_then_TwoSum_correct	C1
theories-flocq/B64_Pff_bridge.v	b64_Fast2Sum_correct	C1
theories-flocq/B64_Pff_bridge.v	b64_TwoSum_chain3_correct	C1
theories-flocq/B64_Pff_bridge.v	b64_TwoSum_chain4_correct	C1
theories-flocq/B64_Pff_bridge.v	b64_TwoSum_correct	C1
theories-flocq/B64_Pff_bridge.v	b64_TwoSum_nonoverlap	C1
theories-flocq/B64_Pff_bridge.v	b64_choice_sym	A
theories-flocq/B64_Pff_bridge.v	b64_emin_neg	A
theories-flocq/B64_Pff_bridge.v	b64_precisionNotZero	A
theories-flocq/B64_Pff_bridge.v	b64_veltkamp_C_R	C1
theories-flocq/B64_Pff_bridge.v	round_b64_minus_swap	C1
theories-flocq/B64_Shewchuk_Thm13_counterexample.v	IZR_mant_bpow	A
theories-flocq/B64_Shewchuk_Thm13_counterexample.v	b1_R	A
theories-flocq/B64_Shewchuk_Thm13_counterexample.v	b256_R	A
theories-flocq/B64_Shewchuk_Thm13_counterexample.v	b2p60_R	A
theories-flocq/B64_Shewchuk_Thm13_counterexample.v	bneg_R	A
theories-flocq/B64_Shewchuk_Thm13_counterexample.v	bpow1eq2	A
theories-flocq/B64_Shewchuk_Thm13_counterexample.v	bpow_dbl	A
theories-flocq/B64_Shewchuk_Thm13_counterexample.v	e_nonoverlap	C1
theories-flocq/B64_Shewchuk_Thm13_counterexample.v	f_nonoverlap	C1
theories-flocq/B64_Shewchuk_Thm13_counterexample.v	inputs_sum_eq	A
theories-flocq/B64_Shewchuk_Thm13_counterexample.v	nonoverlap_shewchuk_256_1_false	C1
theories-flocq/B64_Shewchuk_Thm13_counterexample.v	strict_succ_b64_256_1_false	C1
theories-flocq/B64_Shewchuk_Thm13_pathAB.v	cascade_invariant_AB_empty	C1
theories-flocq/B64_Shewchuk_Thm13_pathAB.v	cascade_pathAB_chain_from_nonoverlap_entails_headline	C1
theories-flocq/B64_Shewchuk_Thm13_pathAB.v	cascade_pathAB_chain_two_singletons_mixed_sign	C1
theories-flocq/B64_Shewchuk_Thm13_pathAB.v	cascade_run_output_nonoverlap_AB	C1
theories-flocq/B64_Shewchuk_Thm13_pathAB.v	cascade_run_preserves_invariant_under_pathAB	C1
theories-flocq/B64_Shewchuk_Thm13_pathAB.v	cascade_step_pathB_preserves_handover	C1
theories-flocq/B64_Shewchuk_Thm13_pathAB.v	cascade_step_pathB_preserves_handover_next_pathB	C1
theories-flocq/B64_Shewchuk_Thm13_pathAB.v	cascade_step_pathB_preserves_output	C1
theories-flocq/B64_Shewchuk_Thm13_pathAB.v	cascade_step_pathB_preserves_output_nil_compress	C1
theories-flocq/B64_Shewchuk_Thm13_pathAB.v	cascade_step_pathB_preserves_output_zero_residue	C1
theories-flocq/B64_Shewchuk_Thm13_pathAB.v	cascade_step_pathB_preserves_run_bound	C1
theories-flocq/B64_Shewchuk_Thm13_pathAB.v	cascade_step_pathB_twosum_exact	C1
theories-flocq/B64_Shewchuk_Thm13_pathAB.v	cascade_step_preserves_invariant_AB	C1
theories-flocq/B64_Shewchuk_Thm13_pathAB.v	fast_expansion_sum_nonoverlap_shewchuk_pathAB_conditional	C1
theories-flocq/B64_Shewchuk_Thm13_pathA_defect.v	cascade_handover_fails_mixed_sign	C1
theories-flocq/B64_TwoSum_sterbenz.v	b64_TwoSum_exact_of_format_sum	C1
theories-flocq/B64_TwoSum_sterbenz.v	b64_TwoSum_sterbenz_exact	C1
theories-flocq/B64_TwoSum_sterbenz.v	b64_TwoSum_sterbenz_exact_neg	C1
theories-flocq/B64_TwoSum_sterbenz.v	b64_format_sterbenz_pos_neg	C1
theories-flocq/B64_TwoSum_sterbenz.v	b64_round_0	C1
theories-flocq/B64_TwoSum_sterbenz.v	not_half_ulp_separated_implies_sterbenz	C1
theories-flocq/B64_TwoSum_sterbenz.v	not_half_ulp_separated_implies_sterbenz_neg_carry	C1
theories-flocq/B64_TwoSum_sterbenz.v	pathC_carry_next_gap_false_similar_magnitude	C1
theories-flocq/B64_bridge.v	b64_div_abs_error	C1
theories-flocq/B64_bridge.v	b64_div_correct	C1
theories-flocq/B64_bridge.v	b64_minus_abs_error	C1
theories-flocq/B64_bridge.v	b64_minus_bounded_R	C1
theories-flocq/B64_bridge.v	b64_minus_correct	C1
theories-flocq/B64_bridge.v	b64_minus_self_R	C1
theories-flocq/B64_bridge.v	b64_minus_self_finite	C1
theories-flocq/B64_bridge.v	b64_minus_zeros_R	C1
theories-flocq/B64_bridge.v	b64_mult_abs_error	C1
theories-flocq/B64_bridge.v	b64_mult_bounded_R	C1
theories-flocq/B64_bridge.v	b64_mult_correct	C1
theories-flocq/B64_bridge.v	b64_mult_zero_l_R	C1
theories-flocq/B64_bridge.v	b64_mult_zero_l_finite	C1
theories-flocq/B64_bridge.v	b64_mult_zero_r_R	C1
theories-flocq/B64_bridge.v	b64_mult_zero_r_finite	C1
theories-flocq/B64_bridge.v	b64_plus_abs_error	C1
theories-flocq/B64_bridge.v	b64_plus_correct	C1
theories-flocq/B64_bridge.v	b64_round_0	C1
theories-flocq/B64_bridge.v	b64_round_abs_le_bpow	C1
theories-flocq/B64_bridge.v	b64_safe_coord_bound_pos	A
theories-flocq/B64_bridge.v	b64_safe_minus_of_bounded	C1
theories-flocq/B64_bridge.v	b64_safe_minus_of_products_bounded	C1
theories-flocq/B64_bridge.v	bpow_succ_radix2	A
theories-flocq/B64_bridge.v	generic_format_bpow_b64	C1
theories-flocq/B64_lib.v	b64_error_le_half_ulp_round	C1
theories-flocq/B64_lib.v	b64_format_B2R	C1
theories-flocq/B64_lib.v	b64_round_eq_R_eq	C1
theories-flocq/B64_lib.v	b64_round_error_bounded_by_ulp	C1
theories-flocq/B64_lib.v	b64_round_generic	C1
theories-flocq/B64_lib.v	b64_round_minus_swap	C1
theories-flocq/B64_lib.v	b64_ulp_FLT_0	C1
theories-flocq/B64_lib.v	b64_ulp_le_abs	C1
theories-flocq/B64_nonoverlap_head.v	compress_app_zero	A
theories-flocq/B64_nonoverlap_head.v	compress_cons_zero	A
theories-flocq/B64_nonoverlap_head.v	compress_head_app_zero	A
theories-flocq/B64_nonoverlap_head.v	compress_head_nonzero	A
theories-flocq/B64_nonoverlap_head.v	nonoverlap_output_first_strict_succ	C1
theories-flocq/B64_nonoverlap_head.v	nonoverlap_shewchuk_cons_zero	C1
theories-flocq/B64_nonoverlap_head.v	nonoverlap_shewchuk_head_replace	C1
theories-flocq/B64_nonoverlap_head.v	nonoverlap_shewchuk_tail_app_zero	C1
theories-flocq/B64_pathB_trace_4A.v	pathB_fires_with_nonempty_output	C1
theories-flocq/B64_pathB_trace_4A.v	traceA_output_rev_nil	A
theories-flocq/B64_pathB_trace_4A.v	traceA_pathB_snd_zero	C1
theories-flocq/B64_pathB_trace_4A.v	traceB_carry_after_B2R	C1
theories-flocq/B64_pathB_trace_4A.v	traceB_carry_before_B2R	C1
theories-flocq/B64_pathB_trace_4A.v	traceB_output_before_len	C1
theories-flocq/B64_pathB_trace_4A.v	traceB_pathB_snd_zero	C1
theories-flocq/B64_pathB_trace_4A.v	traceC_carry_after_B2R	C1
theories-flocq/B64_pathB_trace_4A.v	traceC_output_before_len	C1
theories-flocq/B64_pathB_trace_4A.v	traceC_pathB_snd_zero	C1
theories-flocq/B64_residue_granularity.v	b64_cexp_ge_from_mag_lb	C1
theories-flocq/B64_residue_granularity.v	b64_format_eq_mant_bpow	C1
theories-flocq/B64_residue_granularity.v	b64_ulp_eq_bpow_cexp	C1
theories-flocq/B64_residue_granularity.v	bpow_pred2	A
theories-flocq/B64_residue_granularity.v	bpow_radix2_1	A
theories-flocq/B64_residue_granularity.v	nonzero_mult_bpow_ge	A
theories-flocq/B64_residue_granularity.v	pathB_cancel_strict_succ_head	C1
theories-flocq/B64_residue_granularity.v	residue_ge_half_ulp	C1
theories-flocq/B64_residue_granularity.v	scale_down_to_exp	A
theories-flocq/B64_residue_granularity.v	strict_succ_b64_half_ulp_bpow	C1
theories-flocq/ClothoidDegenerate_b64.v	b64_degenerate_residual_exact	C1
theories-flocq/ClothoidDegenerate_b64.v	b64_degenerate_root_exact	C1
theories-flocq/ClothoidDegenerate_b64.v	b64_degenerate_sign_trichotomy	C1
theories-flocq/ClothoidDegenerate_b64.v	square_diff_int_window	A
theories-flocq/ClothoidDegenerate_b64.v	square_int_window	A
theories-flocq/ClothoidHalley_b64.v	b64Z_eight_R	C1
theories-flocq/ClothoidHalley_b64.v	b64_abs_B2R_zero	A
theories-flocq/ClothoidHalley_b64.v	b64_abs_finite	A
theories-flocq/ClothoidHalley_b64.v	b64_clothoid_converged_bool_true_of_R	C1
theories-flocq/ClothoidHalley_b64.v	b64_clothoid_converged_bool_true_of_zero_residual	C1
theories-flocq/ClothoidHalley_b64.v	b64_clothoid_halley_denom_round	C1
theories-flocq/ClothoidHalley_b64.v	b64_clothoid_halley_filtered_corpus_le_four	A
theories-flocq/ClothoidHalley_b64.v	b64_clothoid_halley_filtered_corpus_le_max	A
theories-flocq/ClothoidHalley_b64.v	b64_clothoid_halley_fuel_succ	C1
theories-flocq/ClothoidHalley_b64.v	b64_clothoid_halley_fuel_zero	A
theories-flocq/ClothoidHalley_b64.v	b64_clothoid_halley_l_update_converged	C1
theories-flocq/ClothoidHalley_b64.v	b64_clothoid_halley_step_round	C1
theories-flocq/ClothoidHalley_b64.v	b64_clothoid_residual_second_prime_exact	C1
theories-flocq/ClothoidHalley_b64.v	b64_clothoid_tol_scale_B2R	C1
theories-flocq/ClothoidHalley_b64.v	b64_degenerate_halley_fixed_at_root	C1
theories-flocq/ClothoidHalley_b64.v	b64_degenerate_residual_at_chord_B2R	C1
theories-flocq/ClothoidHalley_b64.v	b64_degenerate_residual_at_chord_finite	C1
theories-flocq/ClothoidHalley_b64.v	b64_degenerate_residual_zero_at_chord	C1
theories-flocq/ClothoidHalley_b64.v	clothoid_IZR_sum_minus	A
theories-flocq/ClothoidHalley_b64.v	clothoid_double_r2_bound_2p26	A
theories-flocq/ClothoidHalley_b64.v	clothoid_eight_L_qrpt_bound_2p40	A
theories-flocq/ClothoidHalley_b64.v	clothoid_eight_bound_2p15	A
theories-flocq/ClothoidHalley_b64.v	clothoid_fpp_sum12_bound_2p41	A
theories-flocq/ClothoidHalley_b64.v	clothoid_fpp_sum_bound_2p52	A
theories-flocq/ClothoidHalley_b64.v	clothoid_fpp_term3_bound_2p51	A
theories-flocq/ClothoidHalley_b64.v	clothoid_residual_second_prime_R_IZR	A
theories-flocq/ClothoidHalley_b64.v	clothoid_rt_sq_minus_ps2_bound_2p26	A
theories-flocq/ClothoidHalley_b64.v	le_2p15_le_2pprec	A
theories-flocq/ClothoidHalley_b64.v	le_2p40_le_2pprec	A
theories-flocq/ClothoidHalley_b64.v	le_2p41_le_2pprec	A
theories-flocq/ClothoidResidual_b64_exact.v	b64Z_two_R	C1
theories-flocq/ClothoidResidual_b64_exact.v	b64_clothoid_d2_exact	C1
theories-flocq/ClothoidResidual_b64_exact.v	b64_clothoid_r2_exact	C1
theories-flocq/ClothoidResidual_b64_exact.v	b64_clothoid_r2_one_zero	C1
theories-flocq/ClothoidResidual_b64_exact.v	b64_clothoid_residual_exact	C1
theories-flocq/ClothoidResidual_b64_exact.v	b64_clothoid_residual_prime_exact	C1
theories-flocq/ClothoidResidual_b64_exact.v	b64_clothoid_residual_unit_moments	C1
theories-flocq/ClothoidResidual_b64_exact.v	clothoid_double_bound_2p13	A
theories-flocq/ClothoidResidual_b64_exact.v	clothoid_double_sq_bound_2p25	A
theories-flocq/ClothoidResidual_b64_exact.v	clothoid_prime_sum_bound_2p51	A
theories-flocq/ClothoidResidual_b64_exact.v	clothoid_product_bound_2p38	A
theories-flocq/ClothoidResidual_b64_exact.v	clothoid_product_bound_2p49	A
theories-flocq/ClothoidResidual_b64_exact.v	clothoid_residual_R_IZR	A
theories-flocq/ClothoidResidual_b64_exact.v	clothoid_residual_diff_bound_2p50	A
theories-flocq/ClothoidResidual_b64_exact.v	clothoid_residual_diff_bound_2p50_scalar	A
theories-flocq/ClothoidResidual_b64_exact.v	clothoid_residual_prime_R_IZR	A
theories-flocq/ClothoidResidual_b64_exact.v	clothoid_scalar_int_safe_b64Z	C1
theories-flocq/ClothoidResidual_b64_exact.v	clothoid_sq_bound_2p24	A
theories-flocq/ClothoidResidual_b64_exact.v	le_2p13_le_2pprec	A
theories-flocq/ClothoidResidual_b64_exact.v	le_2p49_le_2pprec	A
theories-flocq/ClothoidScopeA_b64.v	b64_residual_assembly_exact_window	C1
theories-flocq/ClothoidScopeA_b64.v	b64_residual_assembly_int_exact	C1
theories-flocq/ClothoidScopeA_b64.v	b64_residual_assembly_sign_decides	C1
theories-flocq/ClothoidScopeA_b64.v	residual_assembly_degenerate_consistent	A
theories-flocq/CurveLineariseGuardBridge.v	to_geometry_result_valid_geometry_of_guards	C1
theories-flocq/CurveLineariseGuardBridge.v	to_geometry_result_valid_holes_of_guards	C1
theories-flocq/CurveLineariseGuardBridge.v	to_geometry_result_valid_of_guards	C1
theories-flocq/DivRoundPow2_b64.v	b64_div_pow2_exact	C1
theories-flocq/DivRoundPow2_b64.v	b64_mult_pow2_exact	C1
theories-flocq/DivRoundPow2_b64.v	div_bpow_eq_mult_bpow_neg	A
theories-flocq/DivRoundPow2_b64.v	generic_format_F2R_le_pow_prec	C1
theories-flocq/DivRoundPow2_b64.v	generic_format_IZR_mult_bpow_neg	C1
theories-flocq/ExtractFacesBridge.v	collinear_overlap_properly_crosses	A
theories-flocq/ExtractFacesBridge.v	darts_of_nondeg_not_pairwise	A
theories-flocq/ExtractFacesBridge.v	extract_rings_valid_faces_holes_named	C1
theories-flocq/ExtractFacesBridge.v	extract_rings_valid_faces_named	C1
theories-flocq/ExtractFacesBridge.v	fully_intersected_darts_of_not_pairwise	A
theories-flocq/ExtractFacesBridge.v	fully_intersected_not_pairwise_collinear	A
theories-flocq/ExtractFacesBridge.v	pairwise_darts_of_forces_degenerate	A
theories-flocq/ExtractFacesBridge.v	result_darts_nondeg_not_pairwise	A
theories-flocq/ExtractFacesBridge.v	seg_properly_crosses_reversal	A
theories-flocq/ExtractFacesBridge.v	sip_overlay_iff_hobby	A
theories-flocq/HobbyCounterexample_b64.v	hobby_lemma_4_3_no_proper_counterexample	C1
theories-flocq/HobbyCounterexample_b64.v	hobby_lemma_4_3_no_proper_is_false	C1
theories-flocq/HobbyCounterexample_b64.v	originals_no_proper	A
theories-flocq/HobbyCounterexample_b64.v	snap_0	C1
theories-flocq/HobbyCounterexample_b64.v	snap_07	C1
theories-flocq/HobbyCounterexample_b64.v	snap_10	C1
theories-flocq/HobbyCounterexample_b64.v	snap_13	C1
theories-flocq/HobbyCounterexample_b64.v	snap_3	C1
theories-flocq/HobbyCounterexample_b64.v	snap_7	C1
theories-flocq/HobbyCounterexample_b64.v	snap_A0	C1
theories-flocq/HobbyCounterexample_b64.v	snap_A1	C1
theories-flocq/HobbyCounterexample_b64.v	snap_B0	C1
theories-flocq/HobbyCounterexample_b64.v	snap_B1	C1
theories-flocq/HobbyCounterexample_b64.v	snap_round_coord_1_nearest	C1
theories-flocq/HobbyCounterexample_b64.v	snapped_proper	C1
theories-flocq/HobbyTheorem_b64.v	hobby_lemma_4_2	A
theories-flocq/HobbyTheorem_b64.v	hobby_lemma_4_3_shared_endpoint	C1
theories-flocq/HobbyTheorem_b64.v	hobby_theorem_4_1_conditional	C1
theories-flocq/HotPixel_b64.v	B2R_and_finite_b64_half	C1
theories-flocq/HotPixel_b64.v	B2R_and_finite_b64_one	C1
theories-flocq/HotPixel_b64.v	B2R_and_finite_b64_two	C1
theories-flocq/HotPixel_b64.v	B2R_b64_half	C1
theories-flocq/HotPixel_b64.v	B2R_b64_one	C1
theories-flocq/HotPixel_b64.v	B2R_b64_two	C1
theories-flocq/HotPixel_b64.v	BP2P_b64_snap	C1
theories-flocq/HotPixel_b64.v	Rle_bool_elim	A
theories-flocq/HotPixel_b64.v	Rlt_bool_elim	A
theories-flocq/HotPixel_b64.v	b64_crosses_bottom_edge_dec_sound	A
theories-flocq/HotPixel_b64.v	b64_crosses_bottom_left_dec_sound	A
theories-flocq/HotPixel_b64.v	b64_crosses_bottom_right_dec_sound	A
theories-flocq/HotPixel_b64.v	b64_crosses_left_edge_dec_sound	A
theories-flocq/HotPixel_b64.v	b64_crosses_left_right_dec_sound	A
theories-flocq/HotPixel_b64.v	b64_crosses_top_bottom_dec_sound	A
theories-flocq/HotPixel_b64.v	b64_crosses_top_left_dec_sound	A
theories-flocq/HotPixel_b64.v	b64_crosses_top_right_dec_sound	A
theories-flocq/HotPixel_b64.v	b64_hot_pixel_bounds_exact	C1
theories-flocq/HotPixel_b64.v	b64_hot_pixel_radius_at_one	C1
theories-flocq/HotPixel_b64.v	b64_in_hot_pixel_complete	C1
theories-flocq/HotPixel_b64.v	b64_in_hot_pixel_sound	C1
theories-flocq/HotPixel_b64.v	b64_in_hot_pixel_sound_rounded	C1
theories-flocq/HotPixel_b64.v	b64_le_R_of_true	C2
theories-flocq/HotPixel_b64.v	b64_le_complete	C2
theories-flocq/HotPixel_b64.v	b64_liang_barsky_complete	A
theories-flocq/HotPixel_b64.v	b64_liang_barsky_sound_closed	A
theories-flocq/HotPixel_b64.v	b64_lt_R_of_true	C2
theories-flocq/HotPixel_b64.v	b64_lt_complete	C2
theories-flocq/HotPixel_b64.v	b64_minus_half_int_exact	C1
theories-flocq/HotPixel_b64.v	b64_passes_through_complete	C1
theories-flocq/HotPixel_b64.v	b64_passes_through_sound	C1
theories-flocq/HotPixel_b64.v	b64_plus_half_int_exact	C1
theories-flocq/HotPixel_b64.v	b64_round_F2R_in_format	C1
theories-flocq/HotPixel_b64.v	b64_segment_crosses_bottom_edge_sound	A
theories-flocq/HotPixel_b64.v	b64_segment_crosses_bottom_left_sound	A
theories-flocq/HotPixel_b64.v	b64_segment_crosses_bottom_right_sound	A
theories-flocq/HotPixel_b64.v	b64_segment_crosses_left_and_right_sound	A
theories-flocq/HotPixel_b64.v	b64_segment_crosses_left_edge_sound	A
theories-flocq/HotPixel_b64.v	b64_segment_crosses_top_and_bottom_sound	A
theories-flocq/HotPixel_b64.v	b64_segment_crosses_top_left_sound	A
theories-flocq/HotPixel_b64.v	b64_segment_crosses_top_right_sound	A
theories-flocq/HotPixel_b64.v	b64_segment_touches_hot_pixel_endpoint_complete	C1
theories-flocq/HotPixel_b64.v	b64_segment_touches_hot_pixel_endpoints_sound	C1
theories-flocq/HotPixel_b64.v	b64_segment_touches_hot_pixel_endpoints_sound_R	C1
theories-flocq/HotPixel_b64.v	b64_segment_touches_hot_pixel_partial_sound	C1
theories-flocq/HotPixel_b64.v	b64_segment_touches_hot_pixel_partial_sound_R	C1
theories-flocq/HotPixel_b64.v	b64_segment_touches_hot_pixel_sound	A
theories-flocq/HotPixel_b64.v	b64_segment_touches_hot_pixel_spec_degenerate	C1
theories-flocq/HotPixel_b64.v	b64_segment_touches_hot_pixel_spec_l	C1
theories-flocq/HotPixel_b64.v	b64_segment_touches_hot_pixel_spec_r	C1
theories-flocq/HotPixel_b64.v	b64_snap_coord_B2R	C1
theories-flocq/HotPixel_b64.v	generic_format_F2R_27bit_exp_neg1	C1
theories-flocq/HotPixel_b64.v	in_hot_pixel_unfold	A
theories-flocq/HotPixel_b64.v	is_finite_b64_half	C1
theories-flocq/HotPixel_b64.v	is_finite_b64_one	C1
theories-flocq/HotPixel_b64.v	is_finite_b64_two	C1
theories-flocq/HotPixel_b64.v	lb_axis_complete	A
theories-flocq/HotPixel_b64.v	lb_axis_sound	A
theories-flocq/HotPixel_b64.v	round_FIX0_IZR	C1
theories-flocq/HotPixel_b64.v	snap_round_on_grid	C1
theories-flocq/InCircle_b64_exact.v	IZR_coord_sq_pair	A
theories-flocq/InCircle_b64_exact.v	IZR_mul_diff	A
theories-flocq/InCircle_b64_exact.v	IZR_mul_sq	A
theories-flocq/InCircle_b64_exact.v	IZR_na_cross_pack	A
theories-flocq/InCircle_b64_exact.v	IZR_sq_sum	A
theories-flocq/InCircle_b64_exact.v	Zfold_min8_le1	A
theories-flocq/InCircle_b64_exact.v	Zfold_min8_le2	A
theories-flocq/InCircle_b64_exact.v	Zfold_min8_le3	A
theories-flocq/InCircle_b64_exact.v	Zfold_min8_le4	A
theories-flocq/InCircle_b64_exact.v	Zfold_min8_le5	A
theories-flocq/InCircle_b64_exact.v	Zfold_min8_le6	A
theories-flocq/InCircle_b64_exact.v	Zfold_min8_le7	A
theories-flocq/InCircle_b64_exact.v	Zfold_min8_le8	A
theories-flocq/InCircle_b64_exact.v	arc_diff_bound_2p12	A
theories-flocq/InCircle_b64_exact.v	arc_diff_bound_2p25	A
theories-flocq/InCircle_b64_exact.v	arc_final_sum_bound_2p52	A
theories-flocq/InCircle_b64_exact.v	arc_outer_diff_bound_2p51	A
theories-flocq/InCircle_b64_exact.v	arc_product_bound_2p24	A
theories-flocq/InCircle_b64_exact.v	arc_product_bound_2p37	A
theories-flocq/InCircle_b64_exact.v	arc_product_bound_2p50_12_38	A
theories-flocq/InCircle_b64_exact.v	arc_row3_diff_bound_2p38	A
theories-flocq/InCircle_b64_exact.v	arc_row4_bound_2p50	A
theories-flocq/InCircle_b64_exact.v	arc_sq_bound_2p24	A
theories-flocq/InCircle_b64_exact.v	arc_sum_sq_bound_2p25	A
theories-flocq/InCircle_b64_exact.v	b64Z_R	C1
theories-flocq/InCircle_b64_exact.v	b64Z_R_small	C1
theories-flocq/InCircle_b64_exact.v	b64Z_arc_coord_int_safe	C1
theories-flocq/InCircle_b64_exact.v	b64_inCircle_B2R_sign_sound_small_int	C1
theories-flocq/InCircle_b64_exact.v	b64_inCircle_exact_and_finite_for_small_int	C1
theories-flocq/InCircle_b64_exact.v	b64_inCircle_exact_for_small_int	C1
theories-flocq/InCircle_b64_exact.v	b64_inCircle_exact_sound	A
theories-flocq/InCircle_b64_exact.v	b64_inCircle_finite_for_small_int	C1
theories-flocq/InCircle_b64_exact.v	b64_shift_diff	A
theories-flocq/InCircle_b64_exact.v	bpow_quartic_pos	A
theories-flocq/InCircle_b64_exact.v	inCircle_R_BP_Z_pack	A
theories-flocq/InCircle_b64_exact.v	inCircle_R_BP_eq_inCircle_BP2P	A
theories-flocq/InCircle_b64_exact.v	inCircle_R_BP_factor	A
theories-flocq/InCircle_b64_exact.v	inCircle_Zdet_distrib	A
theories-flocq/InCircle_b64_exact.v	inCircle_det_IZR_pack	A
theories-flocq/InCircle_b64_exact.v	inCircle_int_witness	A
theories-flocq/InCircle_b64_exact.v	inCircle_shift_quartic_IZR_pack	A
theories-flocq/InCircle_b64_exact.v	inCircle_shift_quartic_homog	A
theories-flocq/InCircle_b64_exact.v	le_2p12_le_2pprec	A
theories-flocq/InCircle_b64_exact.v	le_2p24_le_2pprec	A
theories-flocq/InCircle_b64_exact.v	le_2p25_le_2pprec	A
theories-flocq/InCircle_b64_exact.v	le_2p37_le_2pprec	A
theories-flocq/InCircle_b64_exact.v	le_2p38_le_2pprec	A
theories-flocq/InCircle_b64_exact.v	le_2p50_le_2pprec	A
theories-flocq/InCircle_b64_exact.v	le_2p51_le_2pprec	A
theories-flocq/InCircle_b64_exact.v	le_2p52_le_2pprec	A
theories-flocq/InCircle_b64_exact.v	le_2pN_le_2pprec	A
theories-flocq/InCircle_b64_exact.v	perron_b64Z_witnesses	C1
theories-flocq/InCircle_b64_exact.v	perron_b64Z_witnesses_Q	C1
theories-flocq/InCircle_b64_exact.v	perron_chord_Q_inputs_int_safe	C1
theories-flocq/InCircle_b64_exact.v	perron_chord_opposite_signs	C1
theories-flocq/InCircle_b64_exact.v	perron_inCircle_Zdet_P	A
theories-flocq/InCircle_b64_exact.v	perron_inCircle_Zdet_Q	A
theories-flocq/InCircle_b64_exact.v	perron_inCircle_bit_exact_P	C1
theories-flocq/InCircle_b64_exact.v	perron_inCircle_bit_exact_Q	C1
theories-flocq/InCircle_b64_exact.v	perron_inCircle_det_neg	C1
theories-flocq/InCircle_b64_exact.v	perron_inCircle_det_pos	C1
theories-flocq/InCircle_b64_exact.v	perron_inCircle_sign_sound	C1
theories-flocq/InCircle_b64_exact.v	perron_sliver_inputs_int_safe	C1
theories-flocq/Intersect_b64.v	b64_bpoint_eq_imp_BP2P_eq	C2
theories-flocq/Intersect_b64.v	b64_collinear_overlap_share	A
theories-flocq/Intersect_b64.v	b64_collinear_share_iff_1d_overlap	A
theories-flocq/Intersect_b64.v	b64_intersect_collinear_implies_some_collinear	C1
theories-flocq/Intersect_b64.v	b64_intersect_point_none_unless_point	C1
theories-flocq/Intersect_b64.v	b64_intersect_sign_filtered_nan_P0P1Q0	C1
theories-flocq/Intersect_b64.v	b64_intersect_sign_filtered_nan_P0P1Q1	C1
theories-flocq/Intersect_b64.v	b64_intersect_sign_filtered_nan_Q0Q1P0	C1
theories-flocq/Intersect_b64.v	b64_intersect_sign_filtered_nan_Q0Q1P1	C1
theories-flocq/Intersect_b64.v	b64_intersect_sign_filtered_none_sound_small_int	C1
theories-flocq/Intersect_b64.v	b64_intersect_sign_filtered_point_sound_small_int	C1
theories-flocq/Intersect_b64.v	b64_intersect_sign_filtered_sound_small_int	C1
theories-flocq/Intersect_b64.v	b64_intersect_sign_filtered_total	C1
theories-flocq/Intersect_b64.v	b64_shared_endpoint_witness_sound	C2
theories-flocq/Intersect_b64.v	cross_R_BP_eq_cross_BP2P	A
theories-flocq/Intersect_b64.v	intersect_inputs_int_safe_P0P1Q0	A
theories-flocq/Intersect_b64.v	intersect_inputs_int_safe_P0P1Q1	A
theories-flocq/Intersect_b64.v	intersect_inputs_int_safe_Q0Q1P0	A
theories-flocq/Intersect_b64.v	intersect_inputs_int_safe_Q0Q1P1	A
theories-flocq/Intersect_b64.v	intersect_sign_distinct	A
theories-flocq/Intersect_b64.v	intersect_sign_eq_dec	A
theories-flocq/Intersect_b64_exact_bridge.v	b64_intersect_point_x_forward_error_vs_intersect_x_R	C1
theories-flocq/Intersect_b64_exact_bridge.v	b64_intersect_point_y_forward_error_vs_intersect_y_R	C1
theories-flocq/Intersect_b64_exact_bridge.v	c2tight_ref_x_eq_intersect_x_R	C1
theories-flocq/Intersect_b64_exact_bridge.v	c2tight_ref_y_eq_intersect_y_R	C1
theories-flocq/Intersect_b64_exact_core.v	Rabs_minus_le_add	A
theories-flocq/Intersect_b64_exact_core.v	b64_intersect_den_B2R_nonzero	C1
theories-flocq/Intersect_b64_exact_core.v	b64_intersect_den_R_round	C1
theories-flocq/Intersect_b64_exact_core.v	b64_intersect_den_safe	C1
theories-flocq/Intersect_b64_exact_core.v	b64_intersect_dx_R	C1
theories-flocq/Intersect_b64_exact_core.v	b64_intersect_dy_R	C1
theories-flocq/Intersect_b64_exact_core.v	b64_intersect_qp0_R	C1
theories-flocq/Intersect_b64_exact_core.v	b64_intersect_qp0_finite	C1
theories-flocq/Intersect_b64_exact_core.v	b64_intersect_qp1_R	C1
theories-flocq/Intersect_b64_exact_core.v	b64_intersect_qp1_finite	C1
theories-flocq/Intersect_b64_exact_core.v	cross_R_BP_abs_le_bpow_53	A
theories-flocq/Intersect_b64_exact_core.v	cross_R_BP_int_witness	A
theories-flocq/Intersect_b64_exact_forward_error.v	b64_intersect_den_error_le_1	C1
theories-flocq/Intersect_b64_exact_forward_error.v	b64_intersect_den_forward_error	C1
theories-flocq/Intersect_b64_exact_forward_error.v	b64_intersect_mult_x_carry_error	C1
theories-flocq/Intersect_b64_exact_forward_error.v	b64_intersect_mult_x_forward_error	C1
theories-flocq/Intersect_b64_exact_forward_error.v	b64_intersect_mult_x_round_error	C1
theories-flocq/Intersect_b64_exact_forward_error.v	b64_intersect_mult_y_carry_error	C1
theories-flocq/Intersect_b64_exact_forward_error.v	b64_intersect_mult_y_forward_error	C1
theories-flocq/Intersect_b64_exact_forward_error.v	b64_intersect_mult_y_round_error	C1
theories-flocq/Intersect_b64_exact_forward_error.v	b64_intersect_plus_x_round_error	C1
theories-flocq/Intersect_b64_exact_forward_error.v	b64_intersect_plus_y_round_error	C1
theories-flocq/Intersect_b64_exact_forward_error.v	b64_intersect_point_x_forward_error	C1
theories-flocq/Intersect_b64_exact_forward_error.v	b64_intersect_point_y_forward_error	C1
theories-flocq/Intersect_b64_exact_forward_error.v	b64_intersect_s_carry_error	C1
theories-flocq/Intersect_b64_exact_forward_error.v	b64_intersect_s_forward_error	C1
theories-flocq/Intersect_b64_exact_forward_error.v	b64_intersect_s_round_error	C1
theories-flocq/Intersect_b64_exact_forward_error.v	b64_ulp_le_at_magnitude_uniform	C1
theories-flocq/Intersect_b64_exact_round_chain.v	b64_intersect_den_B2R_abs_ge_1	C1
theories-flocq/Intersect_b64_exact_round_chain.v	b64_intersect_den_B2R_abs_le_bpow_54	C1
theories-flocq/Intersect_b64_exact_round_chain.v	b64_intersect_dx_abs_le_bpow_26	C1
theories-flocq/Intersect_b64_exact_round_chain.v	b64_intersect_dy_abs_le_bpow_26	C1
theories-flocq/Intersect_b64_exact_round_chain.v	b64_intersect_mult_x_abs_le_bpow_80	C1
theories-flocq/Intersect_b64_exact_round_chain.v	b64_intersect_mult_x_safe	C1
theories-flocq/Intersect_b64_exact_round_chain.v	b64_intersect_mult_y_abs_le_bpow_80	C1
theories-flocq/Intersect_b64_exact_round_chain.v	b64_intersect_mult_y_safe	C1
theories-flocq/Intersect_b64_exact_round_chain.v	b64_intersect_plus_x_safe	C1
theories-flocq/Intersect_b64_exact_round_chain.v	b64_intersect_plus_y_safe	C1
theories-flocq/Intersect_b64_exact_round_chain.v	b64_intersect_point_returns_some_when_point	C1
theories-flocq/Intersect_b64_exact_round_chain.v	b64_intersect_point_x_abs_le_bpow_81	C1
theories-flocq/Intersect_b64_exact_round_chain.v	b64_intersect_point_x_finite	C1
theories-flocq/Intersect_b64_exact_round_chain.v	b64_intersect_point_x_round_chain	C1
theories-flocq/Intersect_b64_exact_round_chain.v	b64_intersect_point_y_abs_le_bpow_81	C1
theories-flocq/Intersect_b64_exact_round_chain.v	b64_intersect_point_y_finite	C1
theories-flocq/Intersect_b64_exact_round_chain.v	b64_intersect_point_y_round_chain	C1
theories-flocq/Intersect_b64_exact_round_chain.v	b64_intersect_s_R_round	C1
theories-flocq/Intersect_b64_exact_round_chain.v	b64_intersect_s_abs_le_bpow_53	C1
theories-flocq/Intersect_b64_exact_round_chain.v	coord_int_safe_abs_le_bpow_25	A
theories-flocq/Intersect_b64_exact_tight.v	b64_intersect_mult_x_carry_error_tight	C1
theories-flocq/Intersect_b64_exact_tight.v	b64_intersect_mult_x_forward_error_tight	C1
theories-flocq/Intersect_b64_exact_tight.v	b64_intersect_mult_y_carry_error_tight	C1
theories-flocq/Intersect_b64_exact_tight.v	b64_intersect_mult_y_forward_error_tight	C1
theories-flocq/Intersect_b64_exact_tight.v	b64_intersect_point_x_forward_error_tight	C1
theories-flocq/Intersect_b64_exact_tight.v	b64_intersect_point_x_forward_error_vs_intersect_x_R_tight	C1
theories-flocq/Intersect_b64_exact_tight.v	b64_intersect_point_y_forward_error_tight	C1
theories-flocq/Intersect_b64_exact_tight.v	b64_intersect_point_y_forward_error_vs_intersect_y_R_tight	C1
theories-flocq/Intersect_b64_exact_tight.v	b64_intersect_s_carry_error_tight	C1
theories-flocq/Intersect_b64_exact_tight.v	b64_intersect_s_forward_error_tight	C1
theories-flocq/KakeyaOrient2d_b64.v	b64Z_R	C1
theories-flocq/KakeyaOrient2d_b64.v	b64Z_coord_int_safe	C1
theories-flocq/KakeyaOrient2d_b64.v	kakeya_cross_zero	C1
theories-flocq/KakeyaOrient2d_b64.v	kakeya_inputs_int_safe	C1
theories-flocq/KakeyaOrient2d_b64.v	kakeya_orient2d_sign_zero	C1
theories-flocq/KakeyaPerron_b64.v	absle_nonneg	A
theories-flocq/KakeyaPerron_b64.v	perron_b64_apex_unsafe_at_25	C1
theories-flocq/KakeyaPerron_b64.v	perron_b64_inputs_int_safe	C1
theories-flocq/KakeyaPerron_b64.v	perron_tri_b64_cross_pos	C1
theories-flocq/KakeyaPerron_b64.v	perron_tri_b64_cross_positive	C1
theories-flocq/KakeyaPerron_b64.v	perron_tri_b64_orient_exact	C1
theories-flocq/KakeyaPerron_b64.v	pow2_le_2p25	A
theories-flocq/KakeyaPerron_b64.v	pow2_nat_Z	A
theories-flocq/KakeyaPerron_b64.v	two_pow_succ_nat	A
theories-flocq/NodingSeparation_b64.v	buffer_offset_nodable	C1
theories-flocq/NodingSeparation_b64.v	fully_intersected_snap_of_nodable	C1
theories-flocq/NodingSeparation_b64.v	offset_normal_vx_sq_le_1	A
theories-flocq/NodingSeparation_b64.v	offset_point_x_shift	A
theories-flocq/NodingSeparation_b64.v	offset_seg_x_left_of	A
theories-flocq/NodingSeparation_b64.v	separated_snap_no_proper	C1
theories-flocq/NodingSeparation_b64.v	sip_comm	A
theories-flocq/NodingSeparation_b64.v	snap_round_coord_tolerance	C1
theories-flocq/NodingSeparation_b64.v	snap_round_x_tol	C1
theories-flocq/NodingSeparation_b64.v	snap_round_y_tol	C1
theories-flocq/NodingSeparation_b64.v	snap_x_bounds	C1
theories-flocq/NodingSeparation_b64.v	snap_y_bounds	C1
theories-flocq/NodingSeparation_b64.v	x_left_of_snap_no_proper	C1
theories-flocq/NodingSeparation_b64.v	y_below_of_snap_no_proper	C1
theories-flocq/OrientStratifiedAPF.v	apf_decode_neg	A
theories-flocq/OrientStratifiedAPF.v	apf_decode_run	C1
theories-flocq/OrientStratifiedAPF.v	apf_run_sound_int	C1
theories-flocq/OrientStratifiedAPF.v	apf_stratum_filter_iff_committed	C1
theories-flocq/OrientStratifiedAPF.v	apf_stratum_of_neg	A
theories-flocq/OrientStratifiedAPF.v	apf_stratum_switch_iff_indefinite	C1
theories-flocq/OrientStratifiedAPF.v	apf_witness_neg_involutive	A
theories-flocq/OrientStratifiedAPF.v	b64_orient_apf_antisym_int	C1
theories-flocq/OrientStratifiedAPF.v	b64_orient_apf_decides_int	C1
theories-flocq/OrientStratifiedAPF.v	b64_orient_apf_decisive	C1
theories-flocq/OrientStratifiedAPF.v	b64_orient_apf_fast_path	C1
theories-flocq/OrientStratifiedAPF.v	b64_orient_apf_never_nan	C1
theories-flocq/OrientStratifiedAPF.v	b64_orient_apf_never_uncertain	C1
theories-flocq/OrientStratifiedAPF.v	b64_orient_apf_sound_int	C1
theories-flocq/OrientStratifiedAPF.v	b64_orient_apf_unfold	C1
theories-flocq/OrientStratifiedAPF.v	b64_orient_sign_exact_sound_int	C1
theories-flocq/OrientStratifiedAPF.v	cross_R_BP_swap01	A
theories-flocq/OrientStratifiedAPF.v	expansion_sign_neg_involutive	A
theories-flocq/OrientStratifiedAPF.v	orient2d_inputs_int_safe_swap01	A
theories-flocq/OrientStratifiedAPF.v	sign_robust_neg_involutive	A
theories-flocq/Orient_b64_R.v	b64_orient2d_antisymmetric_R	C1
theories-flocq/Orient_b64_R.v	b64_orient2d_at_P0_R	C1
theories-flocq/Orient_b64_R.v	b64_orient2d_at_P0_eq_P1_R	C1
theories-flocq/Orient_b64_R.v	b64_orient2d_at_P1_R	C1
theories-flocq/Orient_b64_R.v	b64_orient2d_inputs_safe_imp_safe	C1
theories-flocq/Orient_b64_dekker_int.v	b64_Dekker_exact_of_format	C1
theories-flocq/Orient_b64_dekker_int.v	b64_Dekker_fst	C1
theories-flocq/Orient_b64_dekker_int.v	b64_Dekker_int_exact	C1
theories-flocq/Orient_b64_exact.v	b64_abs_bounded	A
theories-flocq/Orient_b64_exact.v	b64_eps_bnd_fin	C1
theories-flocq/Orient_b64_exact.v	b64_errbound_A_coeff_bound	C1
theories-flocq/Orient_b64_exact.v	b64_minus_bounded_chain	C1
theories-flocq/Orient_b64_exact.v	b64_minus_int_exact	C1
theories-flocq/Orient_b64_exact.v	b64_mult_bounded_chain	C1
theories-flocq/Orient_b64_exact.v	b64_mult_int_exact	C1
theories-flocq/Orient_b64_exact.v	b64_orient2d_cyclic2_int_R	C1
theories-flocq/Orient_b64_exact.v	b64_orient2d_cyclic_int_R	C1
theories-flocq/Orient_b64_exact.v	b64_orient2d_detsum_tiny_bound	C1
theories-flocq/Orient_b64_exact.v	b64_orient2d_exact_for_small_int	C1
theories-flocq/Orient_b64_exact.v	b64_orient2d_translation_int_R	C1
theories-flocq/Orient_b64_exact.v	b64_orient_sign_filtered_sound_small_int	C1
theories-flocq/Orient_b64_exact.v	b64_orient_sign_filtered_tiny_regime_decisive	C1
theories-flocq/Orient_b64_exact.v	b64_plus_B2R_of_coord_int_safe	C1
theories-flocq/Orient_b64_exact.v	b64_plus_bounded_chain	C1
theories-flocq/Orient_b64_exact.v	b64_plus_int_exact	C1
theories-flocq/Orient_b64_exact.v	b64_round_IZR_abs_lt_bpow_emax	C1
theories-flocq/Orient_b64_exact.v	b64_round_IZR_error_le_1	C1
theories-flocq/Orient_b64_exact.v	b64_round_IZR_exact	C1
theories-flocq/Orient_b64_exact.v	b64_sixteen_bnd_fin	C1
theories-flocq/Orient_b64_exact.v	b64_stage_a_bound_tiny_bound	C1
theories-flocq/Orient_b64_exact.v	b64_three_bnd_fin	C1
theories-flocq/Orient_b64_exact.v	binary_normalize_b64_bounded_and_finite	C1
theories-flocq/Orient_b64_exact.v	bpow_radix2_eq_IZR_pow	A
theories-flocq/Orient_b64_exact.v	coord_int_safe_imp_coord_safe	A
theories-flocq/Orient_b64_exact.v	coord_tiny_int_safe_bpow22	A
theories-flocq/Orient_b64_exact.v	coord_tiny_int_safe_finite	A
theories-flocq/Orient_b64_exact.v	coord_tiny_int_safe_imp_coord_int_safe	A
theories-flocq/Orient_b64_exact.v	cross_R_BP_tiny_int	A
theories-flocq/Orient_b64_exact.v	diff_bound_2p26	A
theories-flocq/Orient_b64_exact.v	generic_format_IZR_le_bpow_prec	C1
theories-flocq/Orient_b64_exact.v	le_2p26_le_2pprec	A
theories-flocq/Orient_b64_exact.v	le_2p52_le_2pprec	A
theories-flocq/Orient_b64_exact.v	le_2p53_le_2pprec	A
theories-flocq/Orient_b64_exact.v	orient2d_inputs_int_safe_cycl	A
theories-flocq/Orient_b64_exact.v	orient2d_inputs_int_safe_cycl2	A
theories-flocq/Orient_b64_exact.v	orient2d_inputs_int_safe_imp_inputs_safe	A
theories-flocq/Orient_b64_exact.v	orient2d_inputs_int_safe_imp_safe	C1
theories-flocq/Orient_b64_exact.v	orient2d_inputs_tiny_int_safe_imp_int_safe	A
theories-flocq/Orient_b64_exact.v	outer_bound_2p53	A
theories-flocq/Orient_b64_exact.v	prod_bound_2p52	A
theories-flocq/Orient_b64_expansion.v	b64_Dekker_pair_nonoverlap_shewchuk	C1
theories-flocq/Orient_b64_expansion.v	b64_orient2d_expansion	DEF
theories-flocq/Orient_b64_expansion.v	b64_orient2d_expansion_nonoverlap	C1
theories-flocq/Orient_b64_expansion.v	b64_orient2d_expansion_sign_correct	C1
theories-flocq/Orient_b64_expansion.v	b64_orient2d_expansion_sum	C1
theories-flocq/Orient_b64_int_safe.v	b64_Dekker_finite	C1
theories-flocq/Orient_b64_int_safe.v	b64_orient2d_expansion_int_nonoverlap	C1
theories-flocq/Orient_b64_int_safe.v	b64_orient2d_expansion_int_sign_correct	C1
theories-flocq/Orient_b64_int_safe_coords.v	b64_orient2d_expansion_int_nonoverlap_coords	C1
theories-flocq/Orient_b64_int_safe_coords.v	b64_orient2d_expansion_int_sign_correct_coords	C1
theories-flocq/Orient_b64_int_safe_coords.v	coord_diff_int_exact	C1
theories-flocq/Orient_b64_int_safe_coords.v	cross_budget_of_diff_bounds	A
theories-flocq/Orient_b64_sound.v	b64_orient2d_finite_of_safe	C1
theories-flocq/Orient_b64_sound.v	b64_orient_sign_filtered_consistent_with_b64	C1
theories-flocq/Orient_b64_stage_d.v	b64_orient_sign_exact_sound	C1
theories-flocq/Orient_b64_stage_d.v	b64_orient_sign_stage_d_sound	C1
theories-flocq/Orient_b64_stage_d.v	b64_orient_sign_stage_d_tiny_regime_decisive	C1
theories-flocq/Orient_b64_stage_d_safe.v	b64_orient_sign_stage_d_safe_never_indefinite	C1
theories-flocq/Orient_b64_stage_d_safe.v	b64_orient_sign_stage_d_safe_sound	C1
theories-flocq/Orient_b64_stage_d_safe.v	b64_orient_sign_stage_d_safe_sound_when_filter_indefinite	C1
theories-flocq/Orient_b64_stage_d_safe.v	orient2d_inputs_int_safe_all_finite	A
theories-flocq/Orient_b64_stage_d_safe.v	stage_d_safe_recovers_under_underflow	C1
theories-flocq/Orient_b64_underflow_recovery.v	b64_orient_sign_intexact_never_indefinite	A
theories-flocq/Orient_b64_underflow_recovery.v	b64_orient_sign_intexact_sound	A
theories-flocq/Orient_b64_underflow_recovery.v	intexact_recovers_under_underflow	A
theories-flocq/Orient_b64_underflow_recovery.v	stage_d_does_not_recover_under_underflow	C1
theories-flocq/Orient_b64_underflow_recovery.v	underflow_recovery_contrast	C1
theories-flocq/Orient_b64_underflow_unsound.v	stage_a_filter_unsound_under_underflow	C1
theories-flocq/Orient_b64_underflow_unsound.v	uWitness_all_finite	A
theories-flocq/Orient_b64_underflow_unsound.v	uWitness_exact_says_pos	A
theories-flocq/Orient_b64_underflow_unsound.v	uWitness_filter_says_zero	C1
theories-flocq/Orient_b64_underflow_unsound.v	uWitness_true_cross_pos	A
theories-flocq/Orientation_b64.v	b64_orient_sign_filtered_total	C1
theories-flocq/Orientation_b64.v	b64_orient_sign_naive_non_nan_iff_compare_some	C1
theories-flocq/Orientation_b64.v	b64_orient_sign_naive_total	C1
theories-flocq/Orientation_b64.v	orient_sign_distinct	A
theories-flocq/Orientation_b64.v	orient_sign_eq_dec	A
theories-flocq/Orientation_b64.v	orient_sign_robust_distinct	A
theories-flocq/Orientation_b64.v	orient_sign_robust_eq_dec	A
theories-flocq/OverlayBridge.v	NoDup_result_edges_noded	C1
theories-flocq/OverlayBridge.v	correct_labels_all_ops	C1
theories-flocq/OverlayBridge.v	correct_labels_difference	C1
theories-flocq/OverlayBridge.v	correct_labels_intersection	C1
theories-flocq/OverlayBridge.v	correct_labels_symdiff	C1
theories-flocq/OverlayBridge.v	correct_labels_union	C1
theories-flocq/OverlayBridge.v	correct_labels_union_forward	C1
theories-flocq/OverlayBridge.v	extract_rings_valid	C1
theories-flocq/OverlayBridge.v	extract_rings_valid_holes	C1
theories-flocq/OverlayBridge.v	extract_rings_valid_holes_sep	C1
theories-flocq/OverlayBridge.v	extract_rings_valid_sep	C1
theories-flocq/OverlayBridge.v	in_left_iff_in_A	C1
theories-flocq/OverlayBridge.v	in_right_false_iff_not_true	A
theories-flocq/OverlayBridge.v	in_right_iff_in_B	C1
theories-flocq/OverlayBridge.v	snap_noding_bridge	C1
theories-flocq/OverlayBridge.v	valid_geometry_extract	C1
theories-flocq/OverlayBridge.v	valid_geometry_extract_sep	C1
theories-flocq/OverlayBridge.v	valid_topology_graph_noded_labeled_graph	C1
theories-flocq/OverlayBridgeUnconditional.v	extract_rings_valid_holes_of_guards	C1
theories-flocq/OverlayBridgeUnconditional.v	extract_rings_valid_of_guards	C1
theories-flocq/OverlayCorrectness.v	overlay_ng_correct_backward	C1
theories-flocq/OverlayCorrectness.v	overlay_ng_correct_conditional	C1
theories-flocq/OverlayCorrectness.v	overlay_ng_correct_forward	C1
theories-flocq/PassesThroughHalfopen_b64.v	b64_liang_barsky_touches_halfopen_complete	A
theories-flocq/PassesThroughHalfopen_b64.v	b64_liang_barsky_touches_halfopen_implies_closed	A
theories-flocq/PassesThroughHalfopen_b64.v	b64_liang_barsky_touches_halfopen_sound	A
theories-flocq/PassesThroughHalfopen_b64.v	b64_passes_through_hot_pixel_halfopen_complete	C1
theories-flocq/PassesThroughHalfopen_b64.v	b64_passes_through_hot_pixel_halfopen_implies_closed	C1
theories-flocq/PassesThroughHalfopen_b64.v	b64_passes_through_hot_pixel_halfopen_sound	C1
theories-flocq/PassesThroughHalfopen_b64.v	lb_axis_sound_strict_interior	A
theories-flocq/PassesThroughHalfopen_b64.v	lb_inslab_halfopen_implies_lb_inslab	A
theories-flocq/PassesThroughHalfopen_b64_compute_incomplete.v	b54_le1	A
theories-flocq/PassesThroughHalfopen_b64_compute_incomplete.v	b54_pos	A
theories-flocq/PassesThroughHalfopen_b64_compute_incomplete.v	b64_passes_through_halfopen_compute_incomplete	C1
theories-flocq/PassesThroughHalfopen_b64_compute_incomplete.v	compute_false	C1
theories-flocq/PassesThroughHalfopen_b64_compute_incomplete.v	snap_round_coord_IZR	C1
theories-flocq/PassesThroughHalfopen_b64_compute_incomplete.v	snap_uP0y	C1
theories-flocq/PassesThroughHalfopen_b64_compute_incomplete.v	snap_uP1y	C1
theories-flocq/PassesThroughHalfopen_b64_compute_incomplete.v	snap_x0	C1
theories-flocq/PassesThroughHalfopen_b64_compute_incomplete.v	snap_x1	C1
theories-flocq/PassesThroughHalfopen_b64_compute_incomplete.v	snap_y0	C1
theories-flocq/PassesThroughHalfopen_b64_compute_incomplete.v	snap_y1	C1
theories-flocq/PassesThroughHalfopen_b64_compute_incomplete.v	spec_true	C1
theories-flocq/PassesThroughHalfopen_b64_compute_incomplete.v	val_uCx	A
theories-flocq/PassesThroughHalfopen_b64_compute_incomplete.v	val_uCy	A
theories-flocq/PassesThroughHalfopen_b64_compute_incomplete.v	val_uP0x	A
theories-flocq/PassesThroughHalfopen_b64_compute_incomplete.v	val_uP0y	A
theories-flocq/PassesThroughHalfopen_b64_compute_incomplete.v	val_uP1x	A
theories-flocq/PassesThroughHalfopen_b64_compute_incomplete.v	val_uP1y	A
theories-flocq/PassesThroughHalfopen_b64_compute_unsound.v	b64_passes_through_halfopen_compute_unsound	C1
theories-flocq/PassesThroughHalfopen_b64_compute_unsound.v	compute_ho_true	C1
theories-flocq/PassesThroughHalfopen_b64_compute_unsound.v	frac_lt_gen	A
theories-flocq/PassesThroughHalfopen_b64_compute_unsound.v	izr_div_neg	A
theories-flocq/PassesThroughHalfopen_b64_compute_unsound.v	key_lt_v	A
theories-flocq/PassesThroughHalfopen_b64_compute_unsound.v	touch_closed_false_v	A
theories-flocq/PassesThroughHalfopen_b64_compute_unsound.v	touch_ho_false_v	A
theories-flocq/PassesThroughHalfopen_b64_compute_unsound.v	val_vP0x	A
theories-flocq/PassesThroughHalfopen_b64_compute_unsound.v	val_vP1x	A
theories-flocq/PassesThroughHalfopen_b64_compute_unsound.v	x1_ne_x0_v	A
theories-flocq/PassesThroughHalfopen_b64_compute_unsound.v	xa_val_v	A
theories-flocq/PassesThroughHalfopen_b64_compute_unsound.v	xb_val_v	A
theories-flocq/PassesThrough_b64_compute_asymmetric.v	b64_passes_through_compute_asymmetric	C1
theories-flocq/PassesThrough_b64_compute_asymmetric.v	b64_passes_through_halfopen_compute_asymmetric	C1
theories-flocq/PassesThrough_b64_compute_asymmetric.v	closed_fwd_true	C1
theories-flocq/PassesThrough_b64_compute_asymmetric.v	closed_rev_false	C1
theories-flocq/PassesThrough_b64_compute_asymmetric.v	halfopen_fwd_true	C1
theories-flocq/PassesThrough_b64_compute_asymmetric.v	halfopen_rev_false	C1
theories-flocq/PassesThrough_b64_compute_refine.v	b64_lb_inslab_halfopen_implies_closed	A
theories-flocq/PassesThrough_b64_compute_refine.v	b64_liang_barsky_touches_halfopen_compute_implies_closed	C1
theories-flocq/PassesThrough_b64_compute_refine.v	b64_lt_implies_le	A
theories-flocq/PassesThrough_b64_compute_refine.v	b64_passes_through_hot_pixel_halfopen_compute_implies_closed	C1
theories-flocq/PassesThrough_b64_compute_unsound.v	Bfin_val	A
theories-flocq/PassesThrough_b64_compute_unsound.v	C54_neq	A
theories-flocq/PassesThrough_b64_compute_unsound.v	C54_pos	A
theories-flocq/PassesThrough_b64_compute_unsound.v	b64_passes_through_compute_unsound	C1
theories-flocq/PassesThrough_b64_compute_unsound.v	bpow2_0	A
theories-flocq/PassesThrough_b64_compute_unsound.v	bpow2_2	A
theories-flocq/PassesThrough_b64_compute_unsound.v	bpow2_3	A
theories-flocq/PassesThrough_b64_compute_unsound.v	cancelC	A
theories-flocq/PassesThrough_b64_compute_unsound.v	compute_true	C1
theories-flocq/PassesThrough_b64_compute_unsound.v	frac_lt	A
theories-flocq/PassesThrough_b64_compute_unsound.v	half_val	A
theories-flocq/PassesThrough_b64_compute_unsound.v	key_lt	A
theories-flocq/PassesThrough_b64_compute_unsound.v	norm54	A
theories-flocq/PassesThrough_b64_compute_unsound.v	plusminus_term	A
theories-flocq/PassesThrough_b64_compute_unsound.v	three_term	A
theories-flocq/PassesThrough_b64_compute_unsound.v	touch_orig_false	A
theories-flocq/PassesThrough_b64_compute_unsound.v	two_term	A
theories-flocq/PassesThrough_b64_compute_unsound.v	val_Cx	A
theories-flocq/PassesThrough_b64_compute_unsound.v	val_Cy	A
theories-flocq/PassesThrough_b64_compute_unsound.v	val_P0x	A
theories-flocq/PassesThrough_b64_compute_unsound.v	val_P0y	A
theories-flocq/PassesThrough_b64_compute_unsound.v	val_P1x	A
theories-flocq/PassesThrough_b64_compute_unsound.v	val_P1y	A
theories-flocq/PassesThrough_b64_compute_unsound.v	x1_ne_x0	A
theories-flocq/PassesThrough_b64_compute_unsound.v	xa_val	A
theories-flocq/PassesThrough_b64_compute_unsound.v	xb_val	A
theories-flocq/PassesThrough_b64_compute_unsound.v	y1_ne_y0	A
theories-flocq/PassesThrough_b64_compute_unsound.v	ya_val	A
theories-flocq/PassesThrough_b64_compute_unsound.v	yb_val	A
theories-flocq/PassesThrough_b64_grid_bounds.v	b64_div_edge_grid_finite	C1
theories-flocq/PassesThrough_b64_grid_bounds.v	b64_div_round_half_over_int	C1
theories-flocq/PassesThrough_b64_grid_bounds.v	b64_lb_thi_eq_round_exact_grid	C1
theories-flocq/PassesThrough_b64_grid_bounds.v	b64_lb_thi_eq_rounded_quotients_grid	C1
theories-flocq/PassesThrough_b64_grid_bounds.v	b64_lb_thi_finite_grid	C1
theories-flocq/PassesThrough_b64_grid_bounds.v	b64_lb_tlo_eq_round_exact_grid	C1
theories-flocq/PassesThrough_b64_grid_bounds.v	b64_lb_tlo_eq_rounded_quotients_grid	C1
theories-flocq/PassesThrough_b64_grid_bounds.v	b64_lb_tlo_finite_grid	C1
theories-flocq/PassesThrough_b64_grid_bounds.v	b64_round_1	C1
theories-flocq/PassesThrough_b64_grid_bounds.v	b64_tmax_eq_round_exact_grid	C1
theories-flocq/PassesThrough_b64_grid_bounds.v	b64_tmin_eq_round_exact_grid	C1
theories-flocq/PassesThrough_b64_grid_bounds.v	grid_numerator_facts	C1
theories-flocq/PassesThrough_b64_grid_bounds.v	round_Rmax	C1
theories-flocq/PassesThrough_b64_grid_bounds.v	round_Rmin	C1
theories-flocq/PassesThrough_b64_grid_bounds.v	round_clip_max0	C1
theories-flocq/PassesThrough_b64_grid_bounds.v	round_clip_min1	C1
theories-flocq/PassesThrough_b64_grid_complete.v	b64_liang_barsky_grid_exact_cond	C1
theories-flocq/PassesThrough_b64_grid_complete.v	b64_liang_barsky_touches_complete_on_grid	C1
theories-flocq/PassesThrough_b64_grid_complete.v	b64_passes_through_complete_on_grid	C1
theories-flocq/PassesThrough_b64_grid_complete.v	b64_passes_through_grid_exact_cond	C1
theories-flocq/PassesThrough_b64_grid_complete.v	b64_passes_through_grid_exact_sep	C1
theories-flocq/PassesThrough_b64_grid_complete.v	b64_passes_through_sound_on_grid_cond	C1
theories-flocq/PassesThrough_b64_grid_complete.v	b64_passes_through_sound_on_grid_sep	C1
theories-flocq/PassesThrough_b64_grid_complete.v	clip_separated_reflects	C1
theories-flocq/PassesThrough_b64_grid_complete.v	round_diff_le_of_round_le	C1
theories-flocq/PassesThrough_b64_grid_complete.v	round_reflects_le_of_sep	C1
theories-flocq/PassesThrough_b64_grid_complete.v	slab_closed_grid_eq	C1
theories-flocq/PassesThrough_b64_grid_core.v	b64_eqb_true_iff_B2R	C2
theories-flocq/PassesThrough_b64_grid_core.v	b64_le_eq_Rle_bool	C2
theories-flocq/PassesThrough_b64_grid_core.v	b64_max_B2R	C2
theories-flocq/PassesThrough_b64_grid_core.v	b64_min_B2R	C2
theories-flocq/PassesThrough_b64_grid_core.v	b64_minus_half_exact	C1
theories-flocq/PassesThrough_b64_grid_core.v	b64_passes_through_collapses_on_grid	C1
theories-flocq/PassesThrough_b64_grid_core.v	b64_passes_through_compute_collapses_on_grid	C1
theories-flocq/PassesThrough_b64_grid_core.v	b64_passes_through_grid_exact_iff_touch	C1
theories-flocq/PassesThrough_b64_grid_core.v	b64_passes_through_grid_exact_iff_touch_int	C1
theories-flocq/PassesThrough_b64_grid_core.v	b64_snap_on_grid	C1
theories-flocq/PassesThrough_b64_grid_core.v	bpoint_int_safe_on_grid	C1
theories-flocq/PassesThrough_b64_grid_core.v	coord_int_safe_snap_id	C1
theories-flocq/PassesThrough_b64_grid_core.v	generic_format_half_prec	C1
theories-flocq/PassesThrough_b64_grid_core.v	slab_guard_bridge	C2
theories-flocq/PassesThrough_b64_grid_gap_kernel.v	IZR_abs_ge_1	A
theories-flocq/PassesThrough_b64_grid_gap_kernel.v	b64_ulp_round_le_bpow	C1
theories-flocq/PassesThrough_b64_grid_gap_kernel.v	b64_ulp_round_le_unit	C1
theories-flocq/PassesThrough_b64_grid_gap_kernel.v	grid_quotient_ratio	A
theories-flocq/PassesThrough_b64_grid_gap_kernel.v	rational_gap	A
theories-flocq/PassesThrough_b64_grid_separation.v	B2R_b64_zero	A
theories-flocq/PassesThrough_b64_grid_separation.v	IZR_abs_ge_1	A
theories-flocq/PassesThrough_b64_grid_separation.v	b64_passes_through_grid_exact	C1
theories-flocq/PassesThrough_b64_grid_separation.v	b64_passes_through_sound_on_grid	C1
theories-flocq/PassesThrough_b64_grid_separation.v	b64_ulp_round_le_rel	C1
theories-flocq/PassesThrough_b64_grid_separation.v	bpoint_int_tight_safe	A
theories-flocq/PassesThrough_b64_grid_separation.v	bpow_neg24_eq	A
theories-flocq/PassesThrough_b64_grid_separation.v	clip_separated_tight	C1
theories-flocq/PassesThrough_b64_grid_separation.v	coord_int_tight_safe	A
theories-flocq/PassesThrough_b64_grid_separation.v	gap_beats_band_of_gridbound	C1
theories-flocq/PassesThrough_b64_grid_separation.v	grid_quotient_ratio	A
theories-flocq/PassesThrough_b64_grid_separation.v	grid_ratio_gap_exceeds_ulp_band	C1
theories-flocq/PassesThrough_b64_grid_separation.v	grid_ratio_gap_exceeds_ulp_band_rel	C1
theories-flocq/PassesThrough_b64_grid_separation.v	gridbound_0	A
theories-flocq/PassesThrough_b64_grid_separation.v	gridbound_1	A
theories-flocq/PassesThrough_b64_grid_separation.v	gridbound_Rmax	A
theories-flocq/PassesThrough_b64_grid_separation.v	gridbound_Rmin	A
theories-flocq/PassesThrough_b64_grid_separation.v	gridbound_half_quotient	A
theories-flocq/PassesThrough_b64_grid_separation.v	gridbound_thi	A
theories-flocq/PassesThrough_b64_grid_separation.v	gridbound_tlo	A
theories-flocq/PassesThrough_b64_grid_separation.v	gridbound_tmax_exact	A
theories-flocq/PassesThrough_b64_grid_separation.v	gridbound_tmin_exact	A
theories-flocq/PassesThrough_b64_grid_separation.v	is_finite_b64_max	A
theories-flocq/PassesThrough_b64_grid_separation.v	is_finite_b64_min	A
theories-flocq/PassesThrough_b64_grid_separation.v	is_finite_b64_zero	A
theories-flocq/PassesThrough_b64_grid_separation.v	ratio_abs_ge_bpow_neg24	A
theories-flocq/PassesThrough_b64_grid_separation.v	rational_gap	A
theories-flocq/PassesThrough_b64_grid_separation.v	zero_vs_ratio_gap_exceeds_ulp_band	C1
theories-flocq/PassesThrough_b64_spec_symmetric.v	Rle_bool_flip	A
theories-flocq/PassesThrough_b64_spec_symmetric.v	b64_liang_barsky_touches_sym	A
theories-flocq/PassesThrough_b64_spec_symmetric.v	b64_passes_through_hot_pixel_symmetric	C1
theories-flocq/PassesThrough_b64_spec_symmetric.v	clip_flip	A
theories-flocq/PassesThrough_b64_spec_symmetric.v	lb_inslab_sym	A
theories-flocq/PassesThrough_b64_spec_symmetric.v	lb_thi_swap	A
theories-flocq/PassesThrough_b64_spec_symmetric.v	lb_tlo_swap	A
theories-flocq/RingCurvatureModels.v	extract_rings_valid_hyperbolic	C1
theories-flocq/RingCurvatureModels.v	extract_rings_valid_hyperbolic_of_guards	C1
theories-flocq/RingCurvatureModels.v	extract_rings_valid_spherical_hemisphere	C1
theories-flocq/RingCurvatureModels.v	extract_rings_valid_spherical_hemisphere_of_guards	C1
theories-flocq/RingCurvatureModels.v	open_disk_convex	A
theories-flocq/RingCurvatureModels.v	vcross_lin2	A
theories-flocq/RingCurvatureModels.v	vcross_sign_flipped_neg_det	A
theories-flocq/RingCurvatureModels.v	vcross_sign_preserved_pos_det	A
theories-flocq/RingCurvatureModels.v	vcross_zero_preserved_pos_det	A
theories-flocq/Shewchuk_vs_Z2.v	int_safe_all_finite	A
theories-flocq/Shewchuk_vs_Z2.v	shewchuk_stage_d_agrees_with_exact_intdet	C1
theories-flocq/Shewchuk_vs_Z2.v	shewchuk_vs_z2_tiny_headline	C1
theories-flocq/SnapRoundingGuardAudit.v	B2R_wy0	A
theories-flocq/SnapRoundingGuardAudit.v	snap_can_introduce_horizontal_alignment	C1
theories-flocq/SnapRoundingGuardAudit.v	snap_can_introduce_horizontal_dart	C1
theories-flocq/SnapRoundingGuardAudit.v	wy_distinct_pre_snap	C1
theories-flocq/SnapRoundingGuardAudit.v	wy_snap_coord_collapse	C1
theories-flocq/SnapRoundingScale_b64.v	b64_hot_pixel_radius_pow2_exact	C1
theories-flocq/SnapRoundingScale_b64.v	b64_in_hot_pixel_sound_pow2	C1
theories-flocq/SnapRoundingScale_b64.v	b64_minus_radius_int_exact	C1
theories-flocq/SnapRoundingScale_b64.v	b64_plus_radius_int_exact	C1
theories-flocq/SnapRoundingScale_b64.v	b64_snap_coord_scaled_B2R	C1
theories-flocq/SnapRoundingScale_b64.v	boundary_mantissa_small	A
theories-flocq/SnapRoundingScale_b64.v	int_radius_sum_lt_emax	A
theories-flocq/SnapRoundingScale_b64.v	snap_round_coord_idem_scale	C1
theories-flocq/SnapRoundingScale_b64.v	snap_round_idempotent_scale	C1
theories-flocq/SnapRoundingScale_b64.v	snap_round_preserves_passes_through_scale	C1
theories-flocq/SnapRounding_b64.v	b64_liang_barsky_touches_B2R_congr	A
theories-flocq/SnapRounding_b64.v	b64_liang_barsky_touches_snap_idem	C1
theories-flocq/SnapRounding_b64.v	b64_snap_coord_B2R_idem	C1
theories-flocq/SnapRounding_b64.v	b64_snap_coord_idem_finite	C1
theories-flocq/SnapRounding_b64.v	b64_snap_idempotent_finite	C1
theories-flocq/SnapRounding_b64.v	b64_snap_round_preserves_passes_through	C1
theories-flocq/SnapRounding_b64.v	b64_snap_round_segment_correct	C1
theories-flocq/SnapRounding_b64.v	is_finite_not_nan	A
theories-flocq/SnapRounding_b64.v	snap_round_coord_idem	C1
theories-flocq/SnapRounding_b64.v	snap_round_idempotent	C1
theories-flocq/SnapRounding_b64.v	snap_round_preserves_passes_through	C1
theories-flocq/SpectrePassesThroughWitness.v	b64Z_B2R_finite	C1
theories-flocq/SpectrePassesThroughWitness.v	b64Z_coord_int_safe	C1
theories-flocq/SpectrePassesThroughWitness.v	sCmiss_safe	C1
theories-flocq/SpectrePassesThroughWitness.v	sCthru_safe	C1
theories-flocq/SpectrePassesThroughWitness.v	sP0_safe	C1
theories-flocq/SpectrePassesThroughWitness.v	sP1_safe	C1
theories-flocq/SpectrePassesThroughWitness.v	spectre_edge_grid_exact_cond	C1
theories-flocq/SpectrePassesThroughWitness.v	spectre_edge_misses	C1
theories-flocq/SpectrePassesThroughWitness.v	spectre_edge_passes_thru	C1
theories-flocq/SpectrePassesThroughWitness.v	spectre_edge_spec_passes_thru	C1
theories-flocq/TopologicalCorrectness_b64.v	b64_pixels_on_segment_filter_complete	C1
theories-flocq/TopologicalCorrectness_b64.v	b64_pixels_on_segment_filter_covers	C1
theories-flocq/TopologicalCorrectness_b64.v	b64_snap_round_preserves_pixel_cover	C1
theories-flocq/TopologicalCorrectness_b64.v	b64_snap_round_preserves_shared_hot_pixel	C1
theories-flocq/TopologicalCorrectness_b64.v	snap_round_preserves_shared_hot_pixel	C1
theories-flocq/Validate_binary64.v	greedy_simplify_aux_in_kept	A
theories-flocq/Validate_binary64.v	greedy_simplify_aux_length_le	A
theories-flocq/Validate_binary64.v	greedy_simplify_binary64_never_none	C1
theories-flocq/Validate_binary64.v	greedy_simplify_preserves_head	A
theories-flocq/Validate_binary64.v	prec_gt_0_b64	A
theories-flocq/Validate_binary64.v	prec_lt_emax_b64	A
theories-flocq/Validate_binary64_bridge.v	b64_cross_eq_b64_orient2d	C1
theories-flocq/Validate_binary64_bridge.v	b64_cross_exact_for_small_int	C1
theories-flocq/Validate_binary64_bridge.v	b64_dist_sq_exact_for_small_int	C1
theories-flocq/Validate_binary64_bridge.v	map_B2R_bp_cons	A
theories-flocq/Validate_binary64_bridge.v	map_B2R_bp_length	A
theories-flocq/Validate_binary64_bridge.v	map_B2R_bp_nil	A
theories/AngleBetween.v	cos_angle_between	C1
theories/AngleBetween.v	sin_angle_between	C1
theories/ArcArcQuartic.v	arc_arc_intersects_of_atan2_radical_span	C1
theories/ArcArcQuartic.v	radical_point_x_prod	A
theories/ArcArcQuartic.v	radical_point_x_sum	A
theories/ArcArcQuartic.v	radical_point_y_prod	A
theories/ArcArcQuartic.v	radical_point_y_sum	A
theories/ArcArea.v	segment_area_full_disc	A
theories/ArcArea.v	segment_area_half_disc	A
theories/ArcArea.v	segment_area_nonneg	C2
theories/ArcArea.v	segment_area_sector_minus_triangle	A
theories/ArcAreaCentroid.v	segment_area_factor_pos	C2
theories/ArcAreaCentroid.v	segment_centroid_offset_full_turn	A
theories/ArcAreaCentroid.v	segment_centroid_offset_nonneg	C2
theories/ArcAreaCentroid.v	segment_centroid_offset_semicircle	A
theories/ArcCentroid.v	arc_centroid_offset_full_turn	A
theories/ArcCentroid.v	arc_centroid_offset_le_radius	C2
theories/ArcCentroid.v	arc_centroid_offset_nonneg	A
theories/ArcCentroid.v	arc_centroid_offset_semicircle	A
theories/ArcChordLength.v	arc_chord_dist_sq_via_sweep	C1
theories/ArcChordLength.v	arc_chord_le_arc_length	C1
theories/ArcChordLength.v	law_of_cosines_equal_norm	C1
theories/ArcChordSubdivision.v	chord_half_length_sq_central	C1
theories/ArcChordSubdivision.v	chord_half_length_sq_le_angle_budget	C1
theories/ArcChordSubdivision.v	chord_sq_law_of_cosines	A
theories/ArcChordSubdivision.v	equal_angle_chords_achieve_eps	C1
theories/ArcChordSubdivision.v	one_minus_cos_half_angle	A
theories/ArcChordSubdivision.v	sin_sq_le_sq	C2
theories/ArcLength.v	chord_le_arc_length	C2
theories/ArcLength.v	chord_subtended_sq	A
theories/ArcSpanAtan2.v	arc_span_contains_atan2_iff_chord_sign	C1
theories/ArcSweepCcw.v	sweep_ccw_iff_signed_central_angle_pos	C1
theories/ArcSweepCcw.v	sweep_ccw_unit_quarter	C1
theories/ArcSweepCcw.v	sweep_ccw_unit_semicircle_pi	C1
theories/ArcSweepCcw.v	sweep_cw_unit_quarter	C1
theories/Atan2.v	cos_atan2	C1
theories/Atan2.v	sin_atan2	C1
theories/BufferJoin.v	angle_between_v_scale_l	C1
theories/BufferJoin.v	atan2_pos_scale	C1
theories/BufferJoin.v	corner_arc_sweep_eq_turn	C1
theories/BufferJoin.v	corner_arc_sweep_eq_turn_unit	C1
theories/BufferJoin.v	round_join_arc_length_eq_turn	C1
theories/BufferJoin.v	vcross_vperp_vperp	A
theories/BufferJoin.v	vdot_vperp_vperp	A
theories/CurveBufferArea.v	buffer_arc_area_grows	C2
theories/CurveBufferArea.v	buffer_arc_area_zero	A
theories/CurveBufferArea.v	buffer_arc_safe_iff_sq	A
theories/CurveBufferArea.v	buffer_boundary_arcs_valid	A
theories/CurveBufferArea.v	buffer_offset_point_dist	A
theories/InArc.v	in_arc_point_on_major_arc_rejected	C1
theories/InArc.v	in_arc_point_on_minor_arc	C1
theories/InSector.v	in_arc_implies_in_sector	C1
theories/InSector.v	in_sector_boundary_arc_witness	C1
theories/InSector.v	in_sector_boundary_ray_witness	C1
theories/InSector.v	in_sector_centre_witness	C1
theories/InSector.v	in_sector_exterior_rejected	C1
theories/InSector.v	in_sector_implies_in_disk	C1
theories/InSector.v	in_sector_strict_interior_witness	C1
theories/InSector.v	in_sector_wrong_angle_rejected	C1
theories/RelateArcAnalytic.v	arc_analytic_proper_cross_share	C1
theories/RelateArcAnalytic.v	arc_sweep	DEF
theories/RelateArcAnalytic.v	arc_sweep_is_principal_or_reflex	C1
theories/RelateArcAnalytic.v	arc_sweep_principal_range	C1
theories/RelateArcAnalytic.v	arc_sweep_range	C1
